{"Adlershof": 81.5625, "Affoltern": 99.64406779661017, "Albisrieden": 213.70833333333334, "Albrechtstr.": 75.0886075949367, "Alexanderplatz": 156.15368196371398, "Allende-Viertel": 42.5, "Alna": 90.5578947368421, "Alt  Treptow": 67.36363636363636, "Alt-Hohensch\u00f6nhausen Nord": 102.41176470588235, "Alt-Hohensch\u00f6nhausen S\u00fcd": 88.23809523809524, "Alt-Lichtenberg": 61.95238095238095, "Alt-Wiedikon": 171.5188679245283, "Altglienicke": 66.71428571428571, "Altstadt-Kietz": 95.8, "Altstetten": 243.9811320754717, "Amager Vest": 175.63886639676113, "Amager st": 135.7699805068226, "Barstra\u00dfe": 72.80952380952381, "Batignolles-Monceau": 140.26165577342047, "Baumschulenweg": 50.04651162790697, "Bayview": 144.94039735099338, "Bernal Heights": 258.625, "Biesdorf": 59.75, "Bispebjerg": 116.68051575931231, "Bjerke": 135.49532710280374, "Blankenburg/Heinersdorf/M\u00e4rchenland": 75.45454545454545, "Blankenfelde/Niedersch\u00f6nhausen": 77.38775510204081, "Bohnsdorf": 104.28571428571429, "Bourse": 228.30041152263374, "Britz": 84.38095238095238, "Brnshj-Husum": 120.97935103244838, "Bromma": 106.23913043478261, "Brunnenstr. Nord": 122.44588744588745, "Brunnenstr. S\u00fcd": 143.896062992126, "Brunsb\u00fctteler Damm": 62.785714285714285, "Buch": 87.27586206896552, "Buchholz": 88.75, "Buckow": 100.68181818181819, "Buckow Nord": 51.75, "Buttes-Chaumont": 107.8195931477516, "Buttes-Montmartre": 114.85594427734684, "Castro/Upper Market": 294.44106463878325, "Charlottenburg Nord": 137.85714285714286, "Chinatown": 419.9259259259259, "City": 479.125, "Crocker Amazon": 158.1818181818182, "Dammvorstadt": 94.55, "Diamond Heights": 336.8333333333333, "Downtown/Civic Center": 242.01744966442953, "Drakestr.": 105.79032258064517, "D\u00fcsseldorfer Stra\u00dfe": 134.93714285714285, "Enge": 273.7125, "Enskede-\u00c5rsta-Vant\u00f6rs": 108.64625850340136, "Entrep\u00f4t": 146.14695153725899, "Escher Wyss": 190.55, "Excelsior": 127.29729729729729, "Falkenhagener Feld": 82.07142857142857, "Farsta": 113.12727272727273, "Fennpfuhl": 71.06060606060606, "Financial District": 364.6624203821656, "Fluntern": 180.07692307692307, "Forst Grunewald": 77.5, "Frankfurter Allee Nord": 73.55314009661836, "Frankfurter Allee S\u00fcd": 71.74193548387096, "Frankfurter Allee S\u00fcd FK": 93.21302428256071, "Frederiksberg": 158.525237746891, "Friedenau": 84.5114503816794, "Friedrichsfelde Nord": 65.05714285714286, "Friedrichsfelde S\u00fcd": 51.18518518518518, "Friedrichshagen": 107.81481481481481, "Friesenberg": 157.33333333333334, "Frogner": 234.99767441860465, "Gamle Oslo": 153.70097508125676, "Gatow / Kladow": 123.83333333333333, "Gewerbeschule": 194.27027027027026, "Glen Park": 264.6792452830189, "Gobelins": 114.0066750104297, "Golden Gate Park": 163.33333333333334, "Gropiusstadt": 82.08333333333333, "Grorud": 112.02941176470588, "Grunewald": 97.8409090909091, "Gr\u00fcnau": 66.2, "Gr\u00fcnerl\u00f8kka": 135.29732313575525, "Haight Ashbury": 232.0108695652174, "Hakenfelde": 70.58823529411765, "Halensee": 98.61842105263158, "Hard": 159.1818181818182, "Haselhorst": 183.1, "Heerstrasse": 122.31818181818181, "Heerstra\u00dfe Nord": 79.0, "Hellersdorf-Nord": 76.78571428571429, "Hellersdorf-Ost": 23.0, "Hellersdorf-S\u00fcd": 25.0, "Helmholtzplatz": 92.4281045751634, "Hirslanden": 170.0, "Hirzenbach": 180.23728813559322, "Hochschulen": 167.0, "Hottingen": 181.0581395348837, "H\u00e4gersten-Liljeholmens": 110.42333333333333, "H\u00e4sselby-V\u00e4llingby": 94.05035971223022, "H\u00f4tel-de-Ville": 234.87459105779718, "H\u00f6ngg": 132.41509433962264, "I Centro Storico": 200.088280961183, "II Parioli/Nomentano": 151.28345498783455, "III Monte Sacro": 86.73618090452261, "IV Tiburtina": 88.0712643678161, "IX Eur": 126.80701754385964, "Indre By": 208.42456479690523, "Inner Richmond": 229.94219653179192, "Inner Sunset": 288.06849315068496, "Johannisthal": 60.111111111111114, "Kantstra\u00dfe": 101.11206896551724, "Karl-Marx-Allee-Nord": 86.26905829596413, "Karl-Marx-Allee-S\u00fcd": 105.24381625441696, "Karlshorst": 91.56818181818181, "Karow": 76.42857142857143, "Kaulsdorf": 74.06666666666666, "Kungsholmens": 119.04692082111437, "Kurf\u00fcrstendamm": 167.0672268907563, "K\u00f6lln. Vorstadt/Spindlersf.": 89.375, "K\u00f6llnische Heide": 65.15625, "K\u00f6penick-Nord": 61.266666666666666, "K\u00f6penick-S\u00fcd": 46.63636363636363, "Lakeshore": 138.43243243243242, "Langstrasse": 200.02307692307693, "Lankwitz": 47.1, "Leimbach": 158.88888888888889, "Lichtenrade": 77.80645161290323, "Lindenhof": 424.037037037037, "Louvre": 277.88533541341656, "Luxembourg": 254.8849230769231, "MV 1": 70.33333333333333, "MV 2": 101.0, "Mahlsdorf": 77.36, "Malchow, Wartenberg und Falkenberg": 121.42857142857143, "Mariendorf": 93.0, "Marienfelde": 79.5, "Marina": 312.3523316062176, "Marka": 185.6206896551724, "Marzahn-Mitte": 40.375, "Marzahn-Nord": 227.33333333333334, "Marzahn-S\u00fcd": 270.84, "Mierendorffplatz": 67.66153846153846, "Mission": 196.88888888888889, "Moabit Ost": 89.97508896797153, "Moabit West": 98.76203966005666, "M\u00e9nilmontant": 90.91837299391256, "M\u00fcggelheim": 130.83333333333334, "M\u00fchlebach": 166.768115942029, "Neu Lichtenberg": 69.67153284671532, "Neu-Hohensch\u00f6nhausen Nord": 64.0, "Neu-Hohensch\u00f6nhausen S\u00fcd": 56.285714285714285, "Neue Kantstra\u00dfe": 84.37142857142857, "Neuk\u00f6llner Mitte/Zentrum": 74.85336048879837, "Niedersch\u00f6neweide": 80.96666666666667, "Nob Hill": 207.22364217252397, "Noe Valley": 244.76, "Nord 1": 85.19148936170212, "Nord 2": 63.36842105263158, "Nordre Aker": 134.75647668393782, "Nordstrand": 177.61506276150627, "Norrmalms": 156.39071038251367, "North Beach": 458.17021276595744, "Nrrebro": 131.74603174603175, "Obersch\u00f6neweide": 73.57894736842105, "Oberstrass": 133.79661016949152, "Observatoire": 127.76088646967341, "Ocean View": 153.74479166666666, "Oerlikon": 185.55645161290323, "Op\u00e9ra": 206.61572373254958, "Osloer Stra\u00dfe": 75.56279069767442, "Ost 1": 56.05, "Ost 2": 65.175, "Ostpreu\u00dfendamm": 92.20689655172414, "Otto-Suhr-Allee": 103.33766233766234, "Outer Mission": 180.35172413793103, "Outer Richmond": 208.55421686746988, "Outer Sunset": 167.19928825622776, "Pacific Heights": 459.8258064516129, "Palais-Bourbon": 260.0101694915254, "Pankow S\u00fcd": 68.56296296296296, "Pankow Zentrum": 101.25842696629213, "Panth\u00e9on": 200.00872885979268, "Parkside": 166.05645161290323, "Parkviertel": 53.242290748898675, "Passy": 203.22569054569954, "Pl\u00e4nterwald": 70.13333333333334, "Popincourt": 121.3614311704063, "Potrero Hill": 272.07092198581563, "Prenzlauer Berg Nord": 73.61685823754789, "Prenzlauer Berg Nordwest": 94.50943396226415, "Prenzlauer Berg Ost": 75.01554404145078, "Prenzlauer Berg S\u00fcd": 104.94147582697201, "Prenzlauer Berg S\u00fcdwest": 140.8430913348946, "Presidio": 340.125, "Presidio Heights": 257.44444444444446, "Rahnsdorf/Hessenwinkel": 125.91044776119404, "Rathaus": 272.03960396039605, "Regierungsviertel": 153.49162011173183, "Reuilly": 113.8839336763865, "Reuterstra\u00dfe": 67.7741935483871, "Rinkeby-Tensta": 95.71428571428571, "Rixdorf": 56.51456310679612, "Rudow": 69.0, "Rummelsburger Bucht": 174.33333333333334, "Russian Hill": 387.2945205479452, "Saatlen": 196.55555555555554, "Sagene": 140.07024029574862, "Schillerpromenade": 72.51179245283019, "Schlo\u00df Charlottenburg": 93.75438596491227, "Schlo\u00dfstr.": 98.89583333333333, "Schmargendorf": 97.125, "Schm\u00f6ckwitz/Karolinenhof/Rauchfangswerder": 128.9090909090909, "Schwamendingen-Mitte": 228.26923076923077, "Sch\u00f6neberg-Nord": 121.65454545454546, "Sch\u00f6neberg-S\u00fcd": 92.85852090032154, "Sch\u00f6nholz/Wilhelmsruh/Rosenthal": 74.0952380952381, "Seacliff": 240.71428571428572, "Seebach": 178.7156862745098, "Seefeld": 244.71621621621622, "Sentrum": 165.75, "Siemensstadt": 70.83333333333333, "Sihlfeld": 143.76190476190476, "Skarpn\u00e4cks": 117.9957805907173, "Sk\u00e4rholmens": 95.05084745762711,