{"Adlershof": 85.07142857142857, "Affoltern": 100.14814814814815, "Albisrieden": 209.29268292682926, "Albrechtstr.": 74.51612903225806, "Alexanderplatz": 149.68308921438083, "Allende-Viertel": 35.0, "Alna": 91.8169014084507, "Alt  Treptow": 66.34177215189874, "Alt-Hohensch\u00f6nhausen Nord": 117.25, "Alt-Hohensch\u00f6nhausen S\u00fcd": 92.6470588235294, "Alt-Lichtenberg": 64.05555555555556, "Alt-Wiedikon": 179.85555555555555, "Altglienicke": 66.26315789473684, "Altstadt-Kietz": 95.8, "Altstetten": 237.46511627906978, "Amager Vest": 160.88407258064515, "Amager st": 136.53217821782178, "Barstra\u00dfe": 75.94594594594595, "Batignolles-Monceau": 130.56889495225101, "Baumschulenweg": 50.78947368421053, "Bayview": 145.0608695652174, "Bernal Heights": 213.80454545454546, "Biesdorf": 62.04761904761905, "Bispebjerg": 109.12115732368898, "Bjerke": 138.95180722891567, "Blankenburg/Heinersdorf/M\u00e4rchenland": 76.94444444444444, "Blankenfelde/Niedersch\u00f6nhausen": 76.94594594594595, "Bohnsdorf": 105.46153846153847, "Bourse": 218.09309895833334, "Britz": 85.6470588235294, "Brnshj-Husum": 121.17279411764706, "Bromma": 108.81673306772909, "Brunnenstr. Nord": 129.11891891891892, "Brunnenstr. S\u00fcd": 140.77062374245472, "Brunsb\u00fctteler Damm": 66.91666666666667, "Buch": 80.69047619047619, "Buchholz": 87.25, "Buckow": 98.85, "Buckow Nord": 51.75, "Buttes-Chaumont": 92.5629205921938, "Buttes-Montmartre": 108.76478679504814, "Castro/Upper Market": 258.00471698113205, "Charlottenburg Nord": 164.6, "Chinatown": 248.06024096385542, "City": 479.125, "Crocker Amazon": 162.56, "Dammvorstadt": 92.13333333333334, "Diamond Heights": 366.3333333333333, "Downtown/Civic Center": 185.43389830508474, "Drakestr.": 110.02, "D\u00fcsseldorfer Stra\u00dfe": 134.44, "Enge": 147.28787878787878, "Enskede-\u00c5rsta-Vant\u00f6rs": 108.10593220338983, "Entrep\u00f4t": 137.30738786279684, "Escher Wyss": 182.6875, "Excelsior": 126.53781512605042, "Falkenhagener Feld": 86.18181818181819, "Farsta": 106.84042553191489, "Fennpfuhl": 73.5, "Financial District": 257.1896551724138, "Fluntern": 187.63636363636363, "Forst Grunewald": 77.5, "Frankfurter Allee Nord": 74.04294478527608, "Frankfurter Allee S\u00fcd": 71.53846153846153, "Frankfurter Allee S\u00fcd FK": 91.10973936899863, "Frederiksberg": 152.77001862197392, "Friedenau": 88.0204081632653, "Friedrichsfelde Nord": 64.85185185185185, "Friedrichsfelde S\u00fcd": 49.45454545454545, "Friedrichshagen": 108.1304347826087, "Friesenberg": 164.2608695652174, "Frogner": 164.59513590844062, "Gamle Oslo": 152.94885598923284, "Gatow / Kladow": 107.84615384615384, "Gewerbeschule": 195.03703703703704, "Glen Park": 278.0, "Gobelins": 108.12618296529969, "Golden Gate Park": 167.0, "Gropiusstadt": 45.0, "Grorud": 118.81481481481481, "Grunewald": 102.94444444444444, "Gr\u00fcnau": 55.833333333333336, "Gr\u00fcnerl\u00f8kka": 132.95652173913044, "Haight Ashbury": 218.23809523809524, "Hakenfelde": 71.1875, "Halensee": 103.08620689655173, "Hard": 170.07407407407408, "Haselhorst": 197.85714285714286, "Heerstrasse": 113.87096774193549, "Heerstra\u00dfe Nord": 88.44444444444444, "Hellersdorf-Nord": 74.54545454545455, "Hellersdorf-Ost": 21.0, "Hellersdorf-S\u00fcd": 25.0, "Helmholtzplatz": 89.46913580246914, "Hirslanden": 180.67567567567568, "Hirzenbach": 174.41176470588235, "Hochschulen": 146.07692307692307, "Hottingen": 176.33870967741936, "H\u00e4gersten-Liljeholmens": 108.17573221757323, "H\u00e4sselby-V\u00e4llingby": 93.6842105263158, "H\u00f4tel-de-Ville": 204.28232904536222, "H\u00f6ngg": 132.0909090909091, "I Centro Storico": 179.7014050432679, "II Parioli/Nomentano": 114.37405731523378, "III Monte Sacro": 89.3179012345679, "IV Tiburtina": 89.36103151862464, "IX Eur": 113.44360902255639, "Indre By": 207.4605986560782, "Inner Richmond": 227.4160583941606, "Inner Sunset": 196.84684684684686, "Johannisthal": 59.59090909090909, "Kantstra\u00dfe": 101.22222222222223, "Karl-Marx-Allee-Nord": 85.68333333333334, "Karl-Marx-Allee-S\u00fcd": 105.70697674418605, "Karlshorst": 95.61538461538461, "Karow": 84.16666666666667, "Kaulsdorf": 77.6923076923077, "Kungsholmens": 119.6875, "Kurf\u00fcrstendamm": 169.29032258064515, "K\u00f6lln. Vorstadt/Spindlersf.": 56.2, "K\u00f6llnische Heide": 64.54166666666667, "K\u00f6penick-Nord": 69.0, "K\u00f6penick-S\u00fcd": 46.8421052631579, "Lakeshore": 144.11627906976744, "Langstrasse": 208.97169811320754, "Lankwitz": 46.6875, "Leimbach": 249.42857142857142, "Lichtenrade": 73.77272727272727, "Lindenhof": 259.88461538461536, "Louvre": 268.5565302144249, "Luxembourg": 230.63587374903773, "MV 1": 75.18181818181819, "MV 2": 97.23076923076923, "Mahlsdorf": 75.94871794871794, "Malchow, Wartenberg und Falkenberg": 132.5, "Mariendorf": 86.43333333333334, "Marienfelde": 87.0, "Marina": 285.79194630872485, "Marka": 140.0952380952381, "Marzahn-Mitte": 40.42857142857143, "Marzahn-Nord": 227.33333333333334, "Marzahn-S\u00fcd": 321.63157894736844, "Mierendorffplatz": 68.53061224489795, "Mission": 192.30414746543778, "Moabit Ost": 92.0925925925926, "Moabit West": 89.64102564102564, "M\u00e9nilmontant": 90.47960233116216, "M\u00fcggelheim": 124.71428571428571, "M\u00fchlebach": 152.0566037735849, "Neu Lichtenberg": 65.08411214953271, "Neu-Hohensch\u00f6nhausen S\u00fcd": 65.6, "Neue Kantstra\u00dfe": 83.82352941176471, "Neuk\u00f6llner Mitte/Zentrum": 71.44949494949495, "Niedersch\u00f6neweide": 79.17857142857143, "Nob Hill": 201.8625, "Noe Valley": 239.53142857142856, "Nord 1": 87.17948717948718, "Nord 2": 64.6875, "Nordre Aker": 130.74172185430464, "Nordstrand": 179.01507537688443, "Norrmalms": 156.49488054607508, "North Beach": 274.7169811320755, "Nrrebro": 131.38556239507554, "Obersch\u00f6neweide": 81.74074074074075, "Oberstrass": 144.66666666666666, "Observatoire": 114.48123195380174, "Ocean View": 157.50943396226415, "Oerlikon": 188.36633663366337, "Op\u00e9ra": 187.7159090909091, "Osloer Stra\u00dfe": 76.85632183908046, "Ost 1": 51.54545454545455, "Ost 2": 62.21212121212121, "Ostpreu\u00dfendamm": 91.54545454545455, "Otto-Suhr-Allee": 100.85344827586206, "Outer Mission": 172.66666666666666, "Outer Richmond": 201.32558139534885, "Outer Sunset": 157.29680365296804, "Pacific Heights": 273.9035087719298, "Palais-Bourbon": 231.87333923826395, "Pankow S\u00fcd": 67.93577981651376, "Pankow Zentrum": 90.92857142857143, "Panth\u00e9on": 180.04085872576178, "Parkside": 164.21428571428572, "Parkviertel": 53.28125, "Passy": 171.94703693100487, "Pl\u00e4nterwald": 70.26190476190476, "Popincourt": 119.27627930426014, "Potrero Hill": 244.0, "Prenzlauer Berg Nord": 70.99047619047619, "Prenzlauer Berg Nordwest": 91.1896551724138, "Prenzlauer Berg Ost": 74.18493150684931, "Prenzlauer Berg S\u00fcd": 106.02605863192183, "Prenzlauer Berg S\u00fcdwest": 135.87965616045847, "Presidio": 309.0, "Presidio Heights": 253.25, "Rahnsdorf/Hessenwinkel": 142.10416666666666, "Rathaus": 262.9594594594595, "Regierungsviertel": 151.4931506849315, "Reuilly": 105.55328310010765, "Reuterstra\u00dfe": 66.73491773308957, "Rinkeby-Tensta": 95.28472222222223, "Rixdorf": 56.0, "Rudow": 70.47222222222223, "Rummelsburger Bucht": 164.36666666666667, "Russian Hill": 320.4732142857143, "Saatlen": 227.42857142857142, "Sagene": 123.94063926940639, "Schillerpromenade": 68.4770642201835, "Schlo\u00df Charlottenburg": 97.01075268817205, "Schlo\u00dfstr.": 109.64864864864865, "Schmargendorf": 89.80952380952381, "Schm\u00f6ckwitz/Karolinenhof/Rauchfangswerder": 130.43636363636364, "Schwamendingen-Mitte": 221.45, "Sch\u00f6neberg-Nord": 111.28104575163398, "Sch\u00f6neberg-S\u00fcd": 87.37096774193549, "Sch\u00f6nholz/Wilhelmsruh/Rosenthal": 57.0625, "Seacliff": 258.0, "Seebach": 180.94252873563218, "Seefeld": 237.75862068965517, "Sentrum": 171.43421052631578, "Siemensstadt": 53.5, "Sihlfeld": 146.01282051282053, "Skarpn\u00e4cks": 121.86315789473684, "Sk\u00e4rholmens": 101.08163265306122, "South of Market": 218.53977272727272, "Spandau Mitte": 176.85,